strategy_id,event_time_utc,event_time_hkt,hkt_date,slug,direction,direction_reason,seconds_since_start,price_to_beat_observed_second,entry_price,order_cash_usdc,expected_shares,spot_consensus_delta,binance_delta,coinbase_delta,aligned_cvd_15s,aligned_book_imbalance,aligned_chainlink_delta,official_outcome,pnl
aws-spot-consensus-01,2026-05-24T21:56:34.376134+00:00,2026-05-25T05:56:34.376134+08:00,2026-05-25,btc-updown-5m-1779659700,UP,spot_consensus_up,94.376,10.73,0.7,100.0,139.83667076854235,72.641242,117.136242,13.246242,41610.95952,0.86756,21.280839,DOWN,-100.0
aws-spot-consensus-01,2026-05-24T22:05:16.852910+00:00,2026-05-25T06:05:16.852910+08:00,2026-05-25,btc-updown-5m-1779660300,UP,spot_consensus_up,16.852,10.769,0.68,100.0,143.74689506706653,75.714714,125.554714,27.564714,94778.79547,0.434543,22.170388,UP,43.74689506706653
aws-spot-consensus-01,2026-05-24T22:10:29.138600+00:00,2026-05-25T06:10:29.138600+08:00,2026-05-25,btc-updown-5m-1779660600,UP,spot_consensus_up,29.138,10.971,0.47,100.0,204.9452468278575,70.025177,119.185177,16.295177,89619.953214,0.50975,21.186211,UP,104.94524682785749
aws-spot-consensus-01,2026-05-24T22:45:37.907690+00:00,2026-05-25T06:45:37.907690+08:00,2026-05-25,btc-updown-5m-1779662700,UP,spot_consensus_up,37.907,10.498,0.69,100.0,141.76337764289465,73.217505,119.942505,26.492505,292176.05077,0.411358,23.072909,UP,41.76337764289465
aws-spot-consensus-01,2026-05-24T23:10:40.030083+00:00,2026-05-25T07:10:40.030083+08:00,2026-05-25,btc-updown-5m-1779664200,UP,spot_consensus_up,40.03,10.645,0.64,100.0,152.30232376793512,65.40691,112.04691,18.73691,265647.331196,0.460671,20.082052,UP,52.30232376793512
aws-spot-consensus-01,2026-05-24T23:36:12.769618+00:00,2026-05-25T07:36:12.769618+08:00,2026-05-25,btc-updown-5m-1779665700,UP,spot_consensus_up,72.769,11.214,0.63,100.0,154.61131334270897,85.51615,125.77615,24.87615,38742.120147,0.486221,27.818355,UP,54.61131334270897
aws-spot-consensus-01,2026-05-24T23:41:31.862167+00:00,2026-05-25T07:41:31.862167+08:00,2026-05-25,btc-updown-5m-1779666000,UP,spot_consensus_up,91.862,11.182,0.52,100.0,185.88355659187704,72.222804,115.217804,26.207804,594337.923604,0.551921,24.148439,UP,85.88355659187704
aws-spot-consensus-01,2026-05-25T00:05:58.333032+00:00,2026-05-25T08:05:58.333032+08:00,2026-05-25,btc-updown-5m-1779667500,UP,spot_consensus_up,58.333,10.898,0.67,100.0,145.78976649144678,67.395895,110.990895,23.800895,73024.822996,0.65139,20.526456,UP,45.789766491446784
aws-spot-consensus-01,2026-05-25T01:05:31.785709+00:00,2026-05-25T09:05:31.785709+08:00,2026-05-25,btc-updown-5m-1779671100,UP,spot_consensus_up,31.785,10.497,0.69,100.0,141.76337764289465,72.06349,117.57849,24.06849,406936.32028,0.914729,20.35289,UP,41.76337764289465
aws-spot-consensus-01,2026-05-25T02:10:23.170313+00:00,2026-05-25T10:10:23.170313+08:00,2026-05-25,btc-updown-5m-1779675000,UP,spot_consensus_up,23.17,11.095,0.56,100.0,173.08800070896842,71.471655,113.256655,29.686655,375463.092992,0.791597,36.605965,UP,73.08800070896842
aws-spot-consensus-01,2026-05-25T02:31:17.507217+00:00,2026-05-25T10:31:17.507217+08:00,2026-05-25,btc-updown-5m-1779676200,UP,spot_consensus_up,77.507,10.573,0.66,100.0,147.89468951580463,69.299388,114.299388,23.349388,66235.729206,0.797574,20.874232,DOWN,-100.0
aws-spot-consensus-01,2026-05-25T03:10:55.512596+00:00,2026-05-25T11:10:55.512596+08:00,2026-05-25,btc-updown-5m-1779678600,UP,spot_consensus_up,55.512,11.17,0.68,100.0,143.74689506706653,70.862294,116.342294,23.892294,33583.39981,0.782504,21.543346,UP,43.74689506706653
aws-spot-consensus-01,2026-05-25T04:31:05.917487+00:00,2026-05-25T12:31:05.917487+08:00,2026-05-25,btc-updown-5m-1779683400,UP,spot_consensus_up,65.917,10.66,0.67,100.0,145.78976649144678,73.35273,115.89273,23.38273,68732.743884,0.915659,23.111466,DOWN,-100.0
aws-spot-consensus-01,2026-05-25T05:25:40.678318+00:00,2026-05-25T13:25:40.678318+08:00,2026-05-25,btc-updown-5m-1779686700,UP,spot_consensus_up,40.678,10.423,0.67,100.0,145.78976649144678,65.274852,110.039852,20.509852,172565.9272,0.625834,20.192442,UP,45.789766491446784
aws-spot-consensus-01,2026-05-25T06:26:33.156193+00:00,2026-05-25T14:26:33.156193+08:00,2026-05-25,btc-updown-5m-1779690300,UP,spot_consensus_up,93.156,10.652,0.7,100.0,139.83667076854235,66.11622,109.16622,23.06622,83861.191098,0.837908,24.34165,UP,39.83667076854235
aws-spot-consensus-01,2026-05-25T12:30:30.684443+00:00,2026-05-25T20:30:30.684443+08:00,2026-05-25,btc-updown-5m-1779712200,UP,spot_consensus_up,30.684,10.456,0.69,100.0,141.76337764289465,57.500681,92.500681,22.500681,131688.704034,0.893009,20.251418,DOWN,-100.0
aws-spot-consensus-01,2026-05-25T12:36:20.060130+00:00,2026-05-25T20:36:20.060130+08:00,2026-05-25,btc-updown-5m-1779712500,UP,spot_consensus_up,80.06,10.494,0.69,100.0,141.76337764289465,58.500576,94.190576,22.810576,268200.875315,0.85621,21.427547,DOWN,-100.0
aws-spot-consensus-01,2026-05-25T13:01:21.658336+00:00,2026-05-25T21:01:21.658336+08:00,2026-05-25,btc-updown-5m-1779714000,UP,spot_consensus_up,81.658,10.921,0.7,100.0,139.83667076854235,64.816955,102.851955,27.211955,225515.522673,0.661584,22.289285,UP,39.83667076854235
aws-spot-consensus-01,2026-05-25T14:05:48.573476+00:00,2026-05-25T22:05:48.573476+08:00,2026-05-25,btc-updown-5m-1779717900,UP,spot_consensus_up,48.573,11.267,0.65,100.0,150.0645277469312,75.7784,117.8984,33.6584,1143073.186353,0.444753,25.775397,UP,50.06452774693119
aws-spot-consensus-01,2026-05-25T14:10:19.829942+00:00,2026-05-25T22:10:19.829942+08:00,2026-05-25,btc-updown-5m-1779718200,UP,spot_consensus_up,19.829,10.755,0.6,100.0,162.00103680663557,60.501128,103.226128,17.776128,122513.98615,0.647366,20.073808,DOWN,-100.0
aws-spot-consensus-01,2026-05-25T14:35:58.830907+00:00,2026-05-25T22:35:58.830907+08:00,2026-05-25,btc-updown-5m-1779719700,UP,spot_consensus_up,58.83,10.355,0.65,100.0,150.0645277469312,62.275455,104.100455,20.450455,876258.100904,0.756009,20.706952,DOWN,-100.0
aws-spot-consensus-01,2026-05-25T15:25:23.288598+00:00,2026-05-25T23:25:23.288598+08:00,2026-05-25,btc-updown-5m-1779722700,UP,spot_consensus_up,23.288,11.207,0.7,100.0,139.83667076854235,58.980449,95.450449,22.510449,144716.914061,0.756151,20.778852,DOWN,-100.0
aws-spot-consensus-01,2026-05-25T15:55:53.258526+00:00,2026-05-25T23:55:53.258526+08:00,2026-05-25,btc-updown-5m-1779724500,UP,spot_consensus_up,53.258,10.792,0.67,100.0,145.78976649144678,52.2976,81.9226,22.6726,57776.64368,0.834188,20.803374,UP,45.789766491446784
aws-spot-consensus-01,2026-05-25T16:25:31.802325+00:00,2026-05-26T00:25:31.802325+08:00,2026-05-26,btc-updown-5m-1779726300,UP,spot_consensus_up,31.802,10.656,0.63,100.0,154.61131334270897,56.451421,88.451421,23.431421,120238.425415,0.552435,22.204732,UP,54.61131334270897
aws-spot-consensus-01,2026-05-25T18:00:59.765263+00:00,2026-05-26T02:00:59.765263+08:00,2026-05-26,btc-updown-5m-1779732000,UP,spot_consensus_up,59.765,10.465,0.63,100.0,154.61131334270897,53.672361,86.097361,20.237361,313694.656226,0.549886,20.210361,UP,54.61131334270897
aws-spot-consensus-01,2026-05-25T18:51:34.928212+00:00,2026-05-26T02:51:34.928212+08:00,2026-05-26,btc-updown-5m-1779735000,UP,spot_consensus_up,94.928,11.24,0.59,100.0,164.63160057476185,61.036104,95.096104,26.976104,166706.004402,0.560974,26.561646,DOWN,-100.0
aws-spot-consensus-01,2026-05-25T19:05:33.848122+00:00,2026-05-26T03:05:33.848122+08:00,2026-05-26,btc-updown-5m-1779735900,UP,spot_consensus_up,33.848,10.708,0.62,100.0,156.99494099502138,54.542381,83.432381,20.932381,246764.17526,0.505946,20.690087,DOWN,-100.0
aws-spot-consensus-01,2026-05-25T20:46:01.172343+00:00,2026-05-26T04:46:01.172343+08:00,2026-05-26,btc-updown-5m-1779741900,UP,spot_consensus_up,61.172,0.393,0.7,100.0,139.83667076854235,69.256885,99.921885,38.591885,168750.066017,0.555027,32.792103,UP,39.83667076854235
aws-spot-consensus-01,2026-05-25T21:40:43.834160+00:00,2026-05-26T05:40:43.834160+08:00,2026-05-26,btc-updown-5m-1779745200,UP,spot_consensus_up,43.834,0.266,0.7,100.0,139.83667076854235,58.263391,91.618391,24.908391,156171.725495,0.985913,20.527036,DOWN,-100.0
aws-spot-consensus-01,2026-05-25T22:16:29.182310+00:00,2026-05-26T06:16:29.182310+08:00,2026-05-26,btc-updown-5m-1779747300,UP,spot_consensus_up,89.182,0.344,0.67,100.0,145.78976649144678,59.730902,94.895902,21.015902,81042.031169,0.640218,21.211229,DOWN,-100.0
aws-spot-consensus-01,2026-05-25T22:46:03.293508+00:00,2026-05-26T06:46:03.293508+08:00,2026-05-26,btc-updown-5m-1779749100,UP,spot_consensus_up,63.293,0.557,0.59,100.0,164.63160057476185,52.97419,89.25919,16.68919,111742.443021,0.595058,20.327771,UP,64.63160057476185
aws-spot-consensus-01,2026-05-25T23:05:38.245100+00:00,2026-05-26T07:05:38.245100+08:00,2026-05-26,btc-updown-5m-1779750300,UP,spot_consensus_up,38.245,0.9,0.68,100.0,143.74689506706653,54.160679,87.195679,21.125679,49318.532924,0.769656,20.230283,UP,43.74689506706653
aws-spot-consensus-01,2026-05-25T23:20:27.648657+00:00,2026-05-26T07:20:27.648657+08:00,2026-05-26,btc-updown-5m-1779751200,UP,spot_consensus_up,27.648,0.349,0.7,100.0,139.83667076854235,61.549052,97.849052,25.249052,52828.368105,0.644052,25.885407,UP,39.83667076854235
aws-spot-consensus-01,2026-05-26T00:55:26.614096+00:00,2026-05-26T08:55:26.614096+08:00,2026-05-26,btc-updown-5m-1779756900,UP,spot_consensus_up,26.614,0.214,0.69,100.0,141.76337764289465,97.982043,134.832043,50.742043,579754.51984,0.745242,53.418118,UP,41.76337764289465
aws-spot-consensus-01,2026-05-26T01:05:42.380584+00:00,2026-05-26T09:05:42.380584+08:00,2026-05-26,btc-updown-5m-1779757500,UP,spot_consensus_up,42.38,1.081,0.66,100.0,147.89468951580463,62.462521,97.402521,18.252521,232349.056837,0.449383,22.635767,UP,47.89468951580463
aws-spot-consensus-01,2026-05-26T01:11:00.507396+00:00,2026-05-26T09:11:00.507396+08:00,2026-05-26,btc-updown-5m-1779757800,UP,spot_consensus_up,60.507,0.54,0.68,100.0,143.74689506706653,68.666242,101.911242,24.261242,31116.49944,0.411252,24.332132,UP,43.74689506706653
aws-spot-consensus-01,2026-05-26T01:35:49.905247+00:00,2026-05-26T09:35:49.905247+08:00,2026-05-26,btc-updown-5m-1779759300,UP,spot_consensus_up,49.905,0.503,0.7,100.0,139.83667076854235,79.012559,112.312559,38.312559,404777.216529,0.512655,34.659714,UP,39.83667076854235
aws-spot-consensus-01,2026-05-26T02:05:31.141806+00:00,2026-05-26T10:05:31.141806+08:00,2026-05-26,btc-updown-5m-1779761100,UP,spot_consensus_up,31.141,0.979,0.68,100.0,143.74689506706653,62.060675,97.030675,27.090675,105117.752169,0.568078,27.226176,UP,43.74689506706653
aws-spot-consensus-01,2026-05-26T03:16:11.883027+00:00,2026-05-26T11:16:11.883027+08:00,2026-05-26,btc-updown-5m-1779765300,UP,spot_consensus_up,71.883,0.164,0.68,100.0,143.74689506706653,55.53868,93.29368,17.78368,50088.860185,0.908759,20.287091,DOWN,-100.0
aws-spot-consensus-01,2026-05-26T04:31:55.984636+00:00,2026-05-26T12:31:55.984636+08:00,2026-05-26,btc-updown-5m-1779769800,UP,spot_consensus_up,115.984,0.957,0.67,100.0,145.78976649144678,64.152264,104.307264,21.467264,230329.921679,0.623466,23.588679,UP,45.789766491446784
aws-spot-consensus-01,2026-05-26T05:20:23.591148+00:00,2026-05-26T13:20:23.591148+08:00,2026-05-26,btc-updown-5m-1779772800,UP,spot_consensus_up,23.591,0.304,0.69,100.0,141.76337764289465,62.284847,101.034847,18.784847,272280.585065,0.633367,20.408679,UP,41.76337764289465
aws-spot-consensus-01,2026-05-26T05:55:16.504268+00:00,2026-05-26T13:55:16.504268+08:00,2026-05-26,btc-updown-5m-1779774900,UP,spot_consensus_up,16.504,0.412,0.7,100.0,139.83667076854235,63.837997,105.702997,21.972997,184874.982354,0.762633,21.8435,UP,39.83667076854235
aws-spot-consensus-01,2026-05-26T06:31:23.356729+00:00,2026-05-26T14:31:23.356729+08:00,2026-05-26,btc-updown-5m-1779777000,UP,spot_consensus_up,83.356,0.72,0.68,100.0,143.74689506706653,67.937337,105.177337,19.477337,46480.099097,0.867286,20.841868,UP,43.74689506706653
aws-spot-consensus-01,2026-05-26T06:40:27.751755+00:00,2026-05-26T14:40:27.751755+08:00,2026-05-26,btc-updown-5m-1779777600,UP,spot_consensus_up,27.751,0.491,0.66,100.0,147.89468951580463,84.211703,117.721703,29.661703,1059169.822362,0.850108,48.857478,DOWN,-100.0
aws-spot-consensus-01,2026-05-26T07:45:26.383052+00:00,2026-05-26T15:45:26.383052+08:00,2026-05-26,btc-updown-5m-1779781500,UP,spot_consensus_up,26.383,1.208,0.7,100.0,139.83667076854235,77.201308,123.191308,31.211308,223984.32813,0.60652,28.34448,UP,39.83667076854235
aws-spot-consensus-01,2026-05-26T09:25:39.780978+00:00,2026-05-26T17:25:39.780978+08:00,2026-05-26,btc-updown-5m-1779787500,UP,spot_consensus_up,39.78,0.181,0.7,100.0,139.83667076854235,68.956845,108.431845,23.551845,91616.9527,0.700931,21.200331,UP,39.83667076854235
aws-spot-consensus-01,2026-05-26T10:25:48.536446+00:00,2026-05-26T18:25:48.536446+08:00,2026-05-26,btc-updown-5m-1779791100,UP,spot_consensus_up,48.536,1.011,0.62,100.0,156.99494099502138,63.906116,107.191116,18.321116,181276.605575,0.680836,20.225278,UP,56.99494099502138
aws-spot-consensus-01,2026-05-26T10:30:15.609685+00:00,2026-05-26T18:30:15.609685+08:00,2026-05-26,btc-updown-5m-1779791400,UP,spot_consensus_up,15.609,0.421,0.57,100.0,170.17012928845745,80.212745,130.477745,34.337745,1755052.248658,0.497723,36.441517,UP,70.17012928845745
aws-spot-consensus-01,2026-05-26T10:36:11.050430+00:00,2026-05-26T18:36:11.050430+08:00,2026-05-26,btc-updown-5m-1779791700,UP,spot_consensus_up,71.05,0.949,0.6,100.0,162.00103680663557,72.571324,120.161324,25.071324,588829.74546,0.400613,24.720604,UP,62.00103680663557
aws-spot-consensus-01,2026-05-26T10:40:18.389456+00:00,2026-05-26T18:40:18.389456+08:00,2026-05-26,btc-updown-5m-1779792000,UP,spot_consensus_up,18.389,0.246,0.65,100.0,150.0645277469312,115.958565,155.923565,60.273565,468199.336707,0.534892,62.01035,UP,50.06452774693119
aws-spot-consensus-01,2026-05-26T10:50:16.864500+00:00,2026-05-26T18:50:16.864500+08:00,2026-05-26,btc-updown-5m-1779792600,UP,spot_consensus_up,16.864,0.799,0.64,100.0,152.30232376793512,95.978444,139.748444,50.078444,218861.363581,0.777598,46.416124,DOWN,-100.0
aws-spot-consensus-01,2026-05-26T10:55:20.516353+00:00,2026-05-26T18:55:20.516353+08:00,2026-05-26,btc-updown-5m-1779792900,UP,spot_consensus_up,20.516,0.292,0.66,100.0,147.89468951580463,82.218769,123.688769,41.158769,1001927.011525,0.530574,27.13555,DOWN,-100.0
aws-spot-consensus-01,2026-05-26T11:26:51.929472+00:00,2026-05-26T19:26:51.929472+08:00,2026-05-26,btc-updown-5m-1779794700,UP,spot_consensus_up,111.929,0.904,0.67,100.0,145.78976649144678,67.979117,106.209117,18.409117,58168.993618,0.658303,20.518466,DOWN,-100.0
aws-spot-consensus-01,2026-05-26T12:10:38.807496+00:00,2026-05-26T20:10:38.807496+08:00,2026-05-26,btc-updown-5m-1779797400,UP,spot_consensus_up,38.807,0.547,0.63,100.0,154.61131334270897,69.085722,109.860722,27.370722,1280111.52731,0.604978,25.267212,UP,54.61131334270897
aws-spot-consensus-01,2026-05-26T12:15:45.069254+00:00,2026-05-26T20:15:45.069254+08:00,2026-05-26,btc-updown-5m-1779797700,UP,spot_consensus_up,45.069,0.592,0.65,100.0,150.0645277469312,86.440926,127.940926,39.210926,1953030.58095,0.646405,30.603036,UP,50.06452774693119
aws-spot-consensus-01,2026-05-26T12:40:44.345005+00:00,2026-05-26T20:40:44.345005+08:00,2026-05-26,btc-updown-5m-1779799200,UP,spot_consensus_up,44.345,0.799,0.69,100.0,141.76337764289465,68.334545,105.464545,21.614545,69473.47452,0.81604,22.493816,UP,41.76337764289465
aws-spot-consensus-01,2026-05-26T12:55:37.083121+00:00,2026-05-26T20:55:37.083121+08:00,2026-05-26,btc-updown-5m-1779800100,UP,spot_consensus_up,37.083,0.88,0.64,100.0,152.30232376793512,65.429903,113.169903,17.069903,747391.013575,0.479859,21.948913,UP,52.30232376793512
aws-spot-consensus-01,2026-05-26T13:36:00.806846+00:00,2026-05-26T21:36:00.806846+08:00,2026-05-26,btc-updown-5m-1779802500,UP,spot_consensus_up,60.806,0.234,0.64,100.0,152.30232376793512,66.042376,116.212376,14.472376,154631.682881,0.769535,24.636498,UP,52.30232376793512
aws-spot-consensus-01,2026-05-26T13:45:16.037305+00:00,2026-05-26T21:45:16.037305+08:00,2026-05-26,btc-updown-5m-1779803100,UP,spot_consensus_up,16.037,0.902,0.7,100.0,139.83667076854235,99.493601,148.003601,50.983601,32262.115028,0.920264,38.709559,UP,39.83667076854235
aws-spot-consensus-01,2026-05-26T13:55:23.868248+00:00,2026-05-26T21:55:23.868248+08:00,2026-05-26,btc-updown-5m-1779803700,UP,spot_consensus_up,23.868,0.542,0.67,100.0,145.78976649144678,81.881997,127.451997,36.311997,194271.715825,0.936736,31.431524,UP,45.789766491446784
aws-spot-consensus-01,2026-05-26T14:10:16.292106+00:00,2026-05-26T22:10:16.292106+08:00,2026-05-26,btc-updown-5m-1779804600,UP,spot_consensus_up,16.292,1.057,0.68,100.0,143.74689506706653,79.447936,123.002936,29.622936,165608.903553,0.416517,32.856591,UP,43.74689506706653
aws-spot-consensus-01,2026-05-26T14:16:29.555740+00:00,2026-05-26T22:16:29.555740+08:00,2026-05-26,btc-updown-5m-1779804900,UP,spot_consensus_up,89.555,0.368,0.62,100.0,156.99494099502138,65.440143,106.990143,23.890143,39975.336384,0.448586,21.641395,UP,56.99494099502138
aws-spot-consensus-01,2026-05-26T14:20:15.849032+00:00,2026-05-26T22:20:15.849032+08:00,2026-05-26,btc-updown-5m-1779805200,UP,spot_consensus_up,15.849,0.597,0.66,100.0,147.89468951580463,103.93452,139.54452,51.53452,1484412.281741,0.753745,59.058007,UP,47.89468951580463
aws-spot-consensus-01,2026-05-26T14:25:18.198207+00:00,2026-05-26T22:25:18.198207+08:00,2026-05-26,btc-updown-5m-1779805500,UP,spot_consensus_up,18.198,0.839,0.65,100.0,150.0645277469312,119.605535,153.315535,65.725535,206320.4532,0.473428,82.309037,UP,50.06452774693119
aws-spot-consensus-01,2026-05-26T14:30:42.124153+00:00,2026-05-26T22:30:42.124153+08:00,2026-05-26,btc-updown-5m-1779805800,DOWN,spot_consensus_down,42.124,0.559,0.63,100.0,154.61131334270897,-20.130169,18.389831,-55.510169,672176.513463,0.788925,65.323671,DOWN,54.61131334270897
aws-spot-consensus-01,2026-05-26T14:40:15.406929+00:00,2026-05-26T22:40:15.406929+08:00,2026-05-26,btc-updown-5m-1779806400,UP,spot_consensus_up,15.406,0.228,0.58,100.0,167.3530372568026,87.059615,131.269615,32.929615,255036.18463,0.861533,54.064824,DOWN,-100.0
aws-spot-consensus-01,2026-05-26T14:45:23.117952+00:00,2026-05-26T22:45:23.117952+08:00,2026-05-26,btc-updown-5m-1779806700,UP,spot_consensus_up,23.117,0.932,0.57,100.0,170.17012928845745,69.0713,114.8663,14.4763,1050570.918751,0.67975,25.544923,UP,70.17012928845745
aws-spot-consensus-01,2026-05-26T14:51:05.287200+00:00,2026-05-26T22:51:05.287200+08:00,2026-05-26,btc-updown-5m-1779807000,UP,spot_consensus_up,65.287,0.567,0.65,100.0,150.0645277469312,81.743841,128.643841,29.193841,1584495.243774,0.691676,26.910452,UP,50.06452774693119
aws-spot-consensus-01,2026-05-26T15:00:16.291487+00:00,2026-05-26T23:00:16.291487+08:00,2026-05-26,btc-updown-5m-1779807600,UP,spot_consensus_up,16.291,0.184,0.61,100.0,159.4568771199792,79.453705,114.363705,9.273705,796906.371465,0.764617,38.261489,DOWN,-100.0
aws-spot-consensus-01,2026-05-26T15:05:48.086884+00:00,2026-05-26T23:05:48.086884+08:00,2026-05-26,btc-updown-5m-1779807900,UP,spot_consensus_up,48.086,0.522,0.7,100.0,139.83667076854235,101.109255,139.799255,40.779255,51072.813193,0.699983,49.357241,UP,39.83667076854235
aws-spot-consensus-01,2026-05-26T15:10:26.131414+00:00,2026-05-26T23:10:26.131414+08:00,2026-05-26,btc-updown-5m-1779808200,UP,spot_consensus_up,26.131,1.001,0.62,100.0,156.99494099502138,69.26935,117.16935,21.87935,94519.754232,0.768889,26.184888,UP,56.99494099502138
aws-spot-consensus-01,2026-05-26T15:25:39.929851+00:00,2026-05-26T23:25:39.929851+08:00,2026-05-26,btc-updown-5m-1779809100,UP,spot_consensus_up,39.929,0.673,0.65,100.0,150.0645277469312,76.399963,123.909963,20.099963,375524.26246,0.834518,20.984415,DOWN,-100.0
aws-spot-consensus-01,2026-05-26T15:30:18.890630+00:00,2026-05-26T23:30:18.890630+08:00,2026-05-26,btc-updown-5m-1779809400,UP,spot_consensus_up,18.89,0.637,0.7,100.0,139.83667076854235,92.165926,139.175926,41.155926,344889.476639,0.692846,48.534789,DOWN,-100.0
aws-spot-consensus-01,2026-05-26T15:36:07.050886+00:00,2026-05-26T23:36:07.050886+08:00,2026-05-26,btc-updown-5m-1779809700,UP,spot_consensus_up,67.05,0.293,0.63,100.0,154.61131334270897,73.708524,129.328524,25.508524,201768.049332,0.567879,21.661604,UP,54.61131334270897
aws-spot-consensus-01,2026-05-26T15:41:28.345444+00:00,2026-05-26T23:41:28.345444+08:00,2026-05-26,btc-updown-5m-1779810000,UP,spot_consensus_up,88.345,0.471,0.69,100.0,141.76337764289465,82.009348,135.509348,23.509348,302899.212303,0.789988,39.612936,UP,41.76337764289465
aws-spot-consensus-01,2026-05-26T15:55:33.925777+00:00,2026-05-26T23:55:33.925777+08:00,2026-05-26,btc-updown-5m-1779810900,UP,spot_consensus_up,33.925,0.501,0.62,100.0,156.99494099502138,71.411791,136.561791,19.761791,873858.03479,0.406086,25.599854,UP,56.99494099502138
aws-spot-consensus-01,2026-05-26T16:15:27.830335+00:00,2026-05-27T00:15:27.830335+08:00,2026-05-27,btc-updown-5m-1779812100,UP,spot_consensus_up,27.83,0.512,0.67,100.0,145.78976649144678,88.067355,146.792355,23.972355,1316660.609432,0.901452,29.523623,UP,45.789766491446784
aws-spot-consensus-01,2026-05-26T16:26:14.279313+00:00,2026-05-27T00:26:14.279313+08:00,2026-05-27,btc-updown-5m-1779812700,UP,spot_consensus_up,74.279,0.418,0.7,100.0,139.83667076854235,77.714734,140.044734,26.194734,616785.30554,0.897886,23.751888,UP,39.83667076854235
aws-spot-consensus-01,2026-05-26T16:35:24.632578+00:00,2026-05-27T00:35:24.632578+08:00,2026-05-27,btc-updown-5m-1779813300,UP,spot_consensus_up,24.632,0.353,0.61,100.0,159.4568771199792,68.22912,119.64412,16.81412,1099914.006317,0.702484,21.32792,UP,59.4568771199792
aws-spot-consensus-01,2026-05-26T16:45:30.210695+00:00,2026-05-27T00:45:30.210695+08:00,2026-05-27,btc-updown-5m-1779813900,UP,spot_consensus_up,30.21,0.829,0.68,100.0,143.74689506706653,75.523099,128.028099,20.438099,126583.921933,0.952564,26.874959,DOWN,-100.0
aws-spot-consensus-01,2026-05-26T17:35:40.581716+00:00,2026-05-27T01:35:40.581716+08:00,2026-05-27,btc-updown-5m-1779816900,UP,spot_consensus_up,40.581,1.099,0.62,100.0,156.99494099502138,82.524072,142.934072,22.114072,199559.998354,0.438575,23.313554,UP,56.99494099502138
aws-spot-consensus-01,2026-05-26T17:46:31.907348+00:00,2026-05-27T01:46:31.907348+08:00,2026-05-27,btc-updown-5m-1779817500,UP,spot_consensus_up,91.907,1.057,0.64,100.0,152.30232376793512,74.243424,130.843424,17.033424,548777.366918,0.54618,20.157673,UP,52.30232376793512
aws-spot-consensus-01,2026-05-26T18:16:50.034420+00:00,2026-05-27T02:16:50.034420+08:00,2026-05-27,btc-updown-5m-1779819300,UP,spot_consensus_up,110.034,0.809,0.7,100.0,139.83667076854235,83.29079,138.46079,3.44079,1032397.88598,0.770916,20.48724,UP,39.83667076854235
aws-spot-consensus-01,2026-05-26T18:21:37.533507+00:00,2026-05-27T02:21:37.533507+08:00,2026-05-27,btc-updown-5m-1779819600,UP,spot_consensus_up,97.533,0.475,0.7,100.0,139.83667076854235,85.85978,148.76978,20.16978,553610.150157,0.513207,23.64604,UP,39.83667076854235
aws-spot-consensus-01,2026-05-26T18:25:49.414071+00:00,2026-05-27T02:25:49.414071+08:00,2026-05-27,btc-updown-5m-1779819900,UP,spot_consensus_up,49.414,1.124,0.67,100.0,145.78976649144678,86.584703,147.529703,29.199703,509963.760975,0.639718,22.931612,DOWN,-100.0
aws-spot-consensus-01,2026-05-26T18:45:37.596244+00:00,2026-05-27T02:45:37.596244+08:00,2026-05-27,btc-updown-5m-1779821100,UP,spot_consensus_up,37.596,0.276,0.66,100.0,147.89468951580463,77.60251,144.73251,14.65251,47472.640054,0.769494,21.794899,UP,47.89468951580463
aws-spot-consensus-01,2026-05-26T19:00:24.809091+00:00,2026-05-27T03:00:24.809091+08:00,2026-05-27,btc-updown-5m-1779822000,UP,spot_consensus_up,24.809,0.655,0.66,100.0,147.89468951580463,93.33953,162.02453,24.65453,241539.603575,0.910017,24.026088,UP,47.89468951580463
aws-spot-consensus-01,2026-05-26T19:20:17.393400+00:00,2026-05-27T03:20:17.393400+08:00,2026-05-27,btc-updown-5m-1779823200,UP,spot_consensus_up,17.393,0.2,0.65,100.0,150.0645277469312,78.145662,151.765662,10.785662,140455.40465,0.494577,20.840017,DOWN,-100.0
aws-spot-consensus-01,2026-05-26T19:25:32.633358+00:00,2026-05-27T03:25:32.633358+08:00,2026-05-27,btc-updown-5m-1779823500,UP,spot_consensus_up,32.633,0.299,0.7,100.0,139.83667076854235,94.460072,159.700072,23.710072,88051.5301,0.692184,30.7805,UP,39.83667076854235
aws-spot-consensus-01,2026-05-26T19:45:42.802118+00:00,2026-05-27T03:45:42.802118+08:00,2026-05-27,btc-updown-5m-1779824700,UP,spot_consensus_up,42.802,0.392,0.69,100.0,141.76337764289465,83.033104,148.778104,20.598104,261718.584773,0.983113,20.010796,DOWN,-100.0
aws-spot-consensus-01,2026-05-26T20:05:34.771468+00:00,2026-05-27T04:05:34.771468+08:00,2026-05-27,btc-updown-5m-1779825900,UP,spot_consensus_up,34.771,0.503,0.67,100.0,145.78976649144678,79.568921,139.703921,20.503921,58397.060135,0.828364,20.241526,DOWN,-100.0
aws-spot-consensus-01,2026-05-26T20:11:05.670229+00:00,2026-05-27T04:11:05.670229+08:00,2026-05-27,btc-updown-5m-1779826200,UP,spot_consensus_up,65.67,0.832,0.7,100.0,139.83667076854235,79.181045,140.686045,20.326045,285459.987507,0.725043,21.551836,UP,39.83667076854235
aws-spot-consensus-01,2026-05-26T20:25:25.702434+00:00,2026-05-27T04:25:25.702434+08:00,2026-05-27,btc-updown-5m-1779827100,UP,spot_consensus_up,25.702,1.172,0.63,100.0,154.61131334270897,79.264531,134.584531,23.944531,60636.88815,0.403246,22.435031,UP,54.61131334270897
aws-spot-consensus-01,2026-05-26T21:35:29.997232+00:00,2026-05-27T05:35:29.997232+08:00,2026-05-27,btc-updown-5m-1779831300,UP,spot_consensus_up,29.997,0.462,0.67,100.0,145.78976649144678,72.518951,125.073951,22.553951,30859.213257,0.405867,21.389795,UP,45.789766491446784
aws-spot-consensus-01,2026-05-26T22:00:49.271931+00:00,2026-05-27T06:00:49.271931+08:00,2026-05-27,btc-updown-5m-1779832800,UP,spot_consensus_up,49.271,0.901,0.7,100.0,139.83667076854235,70.724478,122.384478,19.674478,35346.56811,0.480488,20.305609,UP,39.83667076854235
aws-spot-consensus-01,2026-05-26T22:20:29.863333+00:00,2026-05-27T06:20:29.863333+08:00,2026-05-27,btc-updown-5m-1779834000,UP,spot_consensus_up,29.863,0.643,0.68,100.0,143.74689506706653,78.32341,134.53341,25.66341,125219.254628,0.663255,26.141379,UP,43.74689506706653
aws-spot-consensus-01,2026-05-27T00:26:29.638429+00:00,2026-05-27T08:26:29.638429+08:00,2026-05-27,btc-updown-5m-1779841500,UP,spot_consensus_up,89.638,0.909,0.61,100.0,159.4568771199792,76.060174,131.945174,23.365174,464807.66509,0.974414,20.443155,UP,59.4568771199792
aws-spot-consensus-01,2026-05-27T00:56:02.420998+00:00,2026-05-27T08:56:02.420998+08:00,2026-05-27,btc-updown-5m-1779843300,UP,spot_consensus_up,62.42,0.612,0.69,100.0,141.76337764289465,75.146745,130.471745,23.321745,119469.02409,0.622852,21.471925,UP,41.76337764289465
aws-spot-consensus-01,2026-05-27T01:00:45.747753+00:00,2026-05-27T09:00:45.747753+08:00,2026-05-27,btc-updown-5m-1779843600,UP,spot_consensus_up,45.747,1.116,0.63,100.0,154.61131334270897,76.40548,130.15048,22.66048,975814.428153,0.505512,22.06366,DOWN,-100.0
aws-spot-consensus-01,2026-05-27T02:20:26.652935+00:00,2026-05-27T10:20:26.652935+08:00,2026-05-27,btc-updown-5m-1779848400,UP,spot_consensus_up,26.652,0.407,0.7,100.0,139.83667076854235,73.572602,129.137602,22.127602,306356.692622,0.742018,21.183252,UP,39.83667076854235
aws-spot-consensus-01,2026-05-27T03:05:34.892594+00:00,2026-05-27T11:05:34.892594+08:00,2026-05-27,btc-updown-5m-1779851100,UP,spot_consensus_up,34.892,0.54,0.68,100.0,143.74689506706653,76.396311,136.901311,19.531311,208379.800275,0.950612,20.174052,UP,43.74689506706653
aws-spot-consensus-01,2026-05-27T03:41:03.300470+00:00,2026-05-27T11:41:03.300470+08:00,2026-05-27,btc-updown-5m-1779853200,UP,spot_consensus_up,63.3,0.711,0.65,100.0,150.0645277469312,74.171493,135.681493,19.351493,69946.982,0.639838,22.813208,UP,50.06452774693119
aws-spot-consensus-01,2026-05-27T05:35:20.354862+00:00,2026-05-27T13:35:20.354862+08:00,2026-05-27,btc-updown-5m-1779860100,UP,spot_consensus_up,20.354,0.23,0.68,100.0,143.74689506706653,82.296635,147.706635,22.336635,142990.89728,0.839214,21.391738,UP,43.74689506706653
aws-spot-consensus-01,2026-05-27T05:45:52.004434+00:00,2026-05-27T13:45:52.004434+08:00,2026-05-27,btc-updown-5m-1779860700,UP,spot_consensus_up,52.004,0.676,0.62,100.0,156.99494099502138,72.888647,145.038647,20.238647,336284.783187,0.766131,25.088772,UP,56.99494099502138
aws-spot-consensus-01,2026-05-27T06:05:36.558413+00:00,2026-05-27T14:05:36.558413+08:00,2026-05-27,btc-updown-5m-1779861900,UP,spot_consensus_up,36.558,0.505,0.67,100.0,145.78976649144678,79.317467,144.012467,23.162467,398365.380799,0.713303,22.301597,UP,45.789766491446784
