candidate_id,event_time_utc,hkt_date,slug,direction,sample_match,seconds_since_start,entry_price,official_outcome,pnl,sample_external_book_imbalance_median,signed_book_from_sample,order_aligned_book_imbalance,book_diff_order_minus_sample,source_available_count,source_aligned_count,source_over_0_40_count,source_signed_min,source_signed_median,source_signed_max,depth_age_max_ms,depth_age_median_ms,depth_latency_median_ms,pm_direction_book_age_ms,pm_direction_best_ask,pm_direction_depth_lte_0_70,external_micro_source_errors_json,binance_spot_depth_imbalance_5,binance_perp_depth_imbalance_5,okx_swap_depth_imbalance_5,bybit_perp_depth_imbalance_5,binance_spot_depth_age_ms,binance_perp_depth_age_ms,okx_swap_depth_age_ms,bybit_perp_depth_age_ms
broad_spot_consensus_thr20_15-120_cap0.70_cvd30k_book0.40_cl20,2026-05-24T21:56:34.376134+00:00,2026-05-25,btc-updown-5m-1779659700,UP,YES,94.376,0.7,DOWN,-100.0,0.86756,0.86756,0.86756,0.0,4,4,4,0.681956,0.8675605,0.992366,1512.0,1512.0,238.25850000000003,1.0,0.7,223.041,{},0.842759,0.681956,0.892362,0.992366,1512,1512,1512,1512
broad_spot_consensus_thr20_15-120_cap0.70_cvd30k_book0.40_cl20,2026-05-24T22:05:16.852910+00:00,2026-05-25,btc-updown-5m-1779660300,UP,YES,16.852,0.68,UP,43.74689506706653,0.434543,0.434543,0.434543,0.0,4,3,3,-0.113315,0.434543,0.83484,647.0,647.0,229.1055,0.0,0.68,752.5697,{},0.83484,-0.113315,0.452322,0.416764,647,647,647,647
broad_spot_consensus_thr20_15-120_cap0.70_cvd30k_book0.40_cl20,2026-05-24T22:10:29.138600+00:00,2026-05-25,btc-updown-5m-1779660600,UP,YES,29.138,0.47,UP,104.94524682785749,0.50975,0.50975,0.50975,0.0,4,4,3,0.07136,0.5097505,0.703548,528.0,528.0,219.665,0.0,0.47,3821.7054,{},0.703548,0.48473,0.534771,0.07136,528,528,528,528
broad_spot_consensus_thr20_15-120_cap0.70_cvd30k_book0.40_cl20,2026-05-24T22:45:37.907690+00:00,2026-05-25,btc-updown-5m-1779662700,UP,YES,37.907,0.69,UP,41.76337764289465,0.411358,0.411358,0.411358,0.0,4,3,2,-0.14903,0.411358,0.983654,696.0,696.0,223.922,0.0,0.69,150.6529,{},0.983654,0.239614,-0.14903,0.583102,696,696,696,696
broad_spot_consensus_thr20_15-120_cap0.70_cvd30k_book0.40_cl20,2026-05-24T23:10:40.030083+00:00,2026-05-25,btc-updown-5m-1779664200,UP,YES,40.03,0.64,UP,52.30232376793512,0.460671,0.460671,0.460671,0.0,4,3,2,-0.329281,0.460671,0.839192,1715.0,1715.0,227.1455,201.0,0.64,1192.6094,{},0.786291,-0.329281,0.135051,0.839192,1715,1715,1715,1715
broad_spot_consensus_thr20_15-120_cap0.70_cvd30k_book0.40_cl20,2026-05-24T23:36:12.769618+00:00,2026-05-25,btc-updown-5m-1779665700,UP,YES,72.769,0.63,UP,54.61131334270897,0.486221,0.486221,0.486221,0.0,4,3,2,-0.653068,0.4862215,0.806854,1039.0,1039.0,215.7955,0.0,0.63,963.1395,{},-0.653068,0.806854,0.369173,0.60327,1039,1039,1039,1039
broad_spot_consensus_thr20_15-120_cap0.70_cvd30k_book0.40_cl20,2026-05-24T23:41:31.862167+00:00,2026-05-25,btc-updown-5m-1779666000,UP,YES,91.862,0.52,UP,85.88355659187704,0.551921,0.551921,0.551921,0.0,4,4,3,0.175926,0.551921,0.627874,1035.0,1035.0,223.3995,0.0,0.52,3655.32,{},0.521259,0.627874,0.582583,0.175926,1035,1035,1035,1035
broad_spot_consensus_thr20_15-120_cap0.70_cvd30k_book0.40_cl20,2026-05-25T00:05:58.333032+00:00,2026-05-25,btc-updown-5m-1779667500,UP,YES,58.333,0.67,UP,45.789766491446784,0.65139,0.65139,0.65139,0.0,4,3,2,-0.145649,0.6513905,0.985566,1307.0,1307.0,233.121,1.0,0.67,978.7036,{},0.34577,0.957011,0.985566,-0.145649,1307,1307,1307,1307
broad_spot_consensus_thr20_15-120_cap0.70_cvd30k_book0.40_cl20,2026-05-25T01:05:31.785709+00:00,2026-05-25,btc-updown-5m-1779671100,UP,YES,31.785,0.69,UP,41.76337764289465,0.914729,0.914729,0.914729,0.0,4,4,4,0.707631,0.9147289999999999,0.963968,1231.0,1231.0,243.885,0.0,0.69,129.0084,{},0.953301,0.707631,0.963968,0.876157,1231,1231,1231,1231
broad_spot_consensus_thr20_15-120_cap0.70_cvd30k_book0.40_cl20,2026-05-25T02:10:23.170313+00:00,2026-05-25,btc-updown-5m-1779675000,UP,YES,23.17,0.56,UP,73.08800070896842,0.791597,0.791597,0.791597,0.0,4,4,3,0.23038,0.791597,0.999031,555.0,555.0,223.032,0.0,0.56,1526.3204,{},0.23038,0.681665,0.999031,0.901529,555,555,555,555
broad_spot_consensus_thr20_15-120_cap0.70_cvd30k_book0.40_cl20,2026-05-25T02:31:17.507217+00:00,2026-05-25,btc-updown-5m-1779676200,UP,YES,77.507,0.66,DOWN,-100.0,0.797574,0.797574,0.797574,0.0,4,4,4,0.58183,0.797574,0.995426,404.0,404.0,227.381,0.0,0.66,367.243,{},0.603033,0.58183,0.992115,0.995426,404,404,404,404
broad_spot_consensus_thr20_15-120_cap0.70_cvd30k_book0.40_cl20,2026-05-25T03:10:55.512596+00:00,2026-05-25,btc-updown-5m-1779678600,UP,YES,55.512,0.68,UP,43.74689506706653,0.782504,0.782504,0.782504,0.0,4,4,3,0.064438,0.782504,0.87358,1304.0,1304.0,230.9035,0.0,0.68,451.3883,{},0.736421,0.064438,0.828587,0.87358,1304,1304,1304,1304
broad_spot_consensus_thr20_15-120_cap0.70_cvd30k_book0.40_cl20,2026-05-25T04:31:05.917487+00:00,2026-05-25,btc-updown-5m-1779683400,UP,YES,65.917,0.67,DOWN,-100.0,0.915659,0.915659,0.915659,0.0,4,4,4,0.799148,0.915659,0.996431,1413.0,1413.0,225.577,0.0,0.67,279.8855,{},0.869896,0.799148,0.961422,0.996431,1413,1413,1413,1413
broad_spot_consensus_thr20_15-120_cap0.70_cvd30k_book0.40_cl20,2026-05-25T05:25:40.678318+00:00,2026-05-25,btc-updown-5m-1779686700,UP,YES,40.678,0.67,UP,45.789766491446784,0.625834,0.625834,0.625834,0.0,4,4,3,0.117696,0.625834,0.877004,536.0,536.0,230.397,0.0,0.67,653.8029,{},0.877004,0.607355,0.644313,0.117696,536,536,536,536
broad_spot_consensus_thr20_15-120_cap0.70_cvd30k_book0.40_cl20,2026-05-25T06:26:33.156193+00:00,2026-05-25,btc-updown-5m-1779690300,UP,YES,93.156,0.7,UP,39.83667076854235,0.837908,0.837908,0.837908,0.0,4,3,3,-0.231121,0.837908,0.99475,1321.0,1321.0,225.23149999999998,0.0,0.7,108.731,{},0.99475,0.767262,0.908554,-0.231121,1321,1321,1321,1321
broad_spot_consensus_thr20_15-120_cap0.70_cvd30k_book0.40_cl20,2026-05-25T12:30:30.684443+00:00,2026-05-25,btc-updown-5m-1779712200,UP,YES,30.684,0.69,DOWN,-100.0,0.893009,0.893009,0.893009,0.0,4,4,4,0.740939,0.8930089999999999,0.908988,1193.0,1193.0,227.89100000000002,0.0,0.69,215.6045,{},0.902734,0.740939,0.883284,0.908988,1193,1193,1193,1193
broad_spot_consensus_thr20_15-120_cap0.70_cvd30k_book0.40_cl20,2026-05-25T12:36:20.060130+00:00,2026-05-25,btc-updown-5m-1779712500,UP,YES,80.06,0.69,DOWN,-100.0,0.85621,0.85621,0.85621,0.0,4,4,4,0.707872,0.85621,0.993425,1143.0,1143.0,225.6835,1.0,0.69,532.5806,{},0.894467,0.817953,0.993425,0.707872,1143,1143,1143,1143
broad_spot_consensus_thr20_15-120_cap0.70_cvd30k_book0.40_cl20,2026-05-25T13:01:21.658336+00:00,2026-05-25,btc-updown-5m-1779714000,UP,YES,81.658,0.7,UP,39.83667076854235,0.661584,0.661584,0.661584,0.0,4,4,4,0.580521,0.661584,0.86401,824.0,824.0,222.8905,0.0,0.7,215.607,{},0.599698,0.72347,0.86401,0.580521,824,824,824,824
broad_spot_consensus_thr20_15-120_cap0.70_cvd30k_book0.40_cl20,2026-05-25T14:05:48.573476+00:00,2026-05-25,btc-updown-5m-1779717900,UP,YES,48.573,0.65,UP,50.06452774693119,0.444753,0.444753,0.444753,0.0,4,3,2,-0.874465,0.444753,0.996085,1372.0,1372.0,232.086,0.0,0.65,291.8555,{},0.235893,0.653613,0.996085,-0.874465,1372,1372,1372,1372
broad_spot_consensus_thr20_15-120_cap0.70_cvd30k_book0.40_cl20,2026-05-25T14:10:19.829942+00:00,2026-05-25,btc-updown-5m-1779718200,UP,YES,19.829,0.6,DOWN,-100.0,0.647366,0.647366,0.647366,0.0,4,4,3,0.357754,0.6473655,0.845705,471.0,471.0,225.7585,0.0,0.6,1827.1843,{},0.357754,0.572184,0.722547,0.845705,471,471,471,471
broad_spot_consensus_thr20_15-120_cap0.70_cvd30k_book0.40_cl20,2026-05-25T14:35:58.830907+00:00,2026-05-25,btc-updown-5m-1779719700,UP,YES,58.83,0.65,DOWN,-100.0,0.756009,0.756009,0.756009,0.0,4,3,3,-0.489091,0.7560085000000001,0.964057,1458.0,1458.0,228.61200000000002,0.0,0.65,965.7143,{},0.661116,-0.489091,0.850901,0.964057,1458,1458,1458,1458
broad_spot_consensus_thr20_15-120_cap0.70_cvd30k_book0.40_cl20,2026-05-25T15:25:23.288598+00:00,2026-05-25,btc-updown-5m-1779722700,UP,YES,23.288,0.7,DOWN,-100.0,0.756151,0.756151,0.756151,0.0,4,3,3,-0.347015,0.7561515,0.851959,835.0,835.0,219.50650000000002,0.0,0.7,340.004,{},0.851959,0.705656,-0.347015,0.806647,835,835,835,835
broad_spot_consensus_thr20_15-120_cap0.70_cvd30k_book0.40_cl20,2026-05-25T15:55:53.258526+00:00,2026-05-25,btc-updown-5m-1779724500,UP,YES,53.258,0.67,UP,45.789766491446784,0.834188,0.834188,0.834188,0.0,4,4,4,0.563738,0.8341875000000001,0.999726,1122.0,1122.0,225.3785,0.0,0.67,472.8718,{},0.999726,0.563738,0.803312,0.865063,1122,1122,1122,1122
broad_spot_consensus_thr20_15-120_cap0.70_cvd30k_book0.40_cl20,2026-05-25T16:25:31.802325+00:00,2026-05-26,btc-updown-5m-1779726300,UP,YES,31.802,0.63,UP,54.61131334270897,0.552435,0.552435,0.552435,0.0,4,4,3,0.359205,0.552435,0.810711,952.0,952.0,227.735,0.0,0.63,1868.9363,{},0.810711,0.359205,0.640952,0.463918,952,952,952,952
broad_spot_consensus_thr20_15-120_cap0.70_cvd30k_book0.40_cl20,2026-05-25T18:00:59.765263+00:00,2026-05-26,btc-updown-5m-1779732000,UP,YES,59.765,0.63,UP,54.61131334270897,0.549886,0.549886,0.549886,0.0,4,3,3,-0.602831,0.5498865,0.997112,902.0,902.0,225.426,0.0,0.63,834.9794,{},0.997112,0.49205,0.607723,-0.602831,902,902,902,902
broad_spot_consensus_thr20_15-120_cap0.70_cvd30k_book0.40_cl20,2026-05-25T18:51:34.928212+00:00,2026-05-26,btc-updown-5m-1779735000,UP,YES,94.928,0.59,DOWN,-100.0,0.560974,0.560974,0.560974,0.0,4,4,3,0.202022,0.5609735,0.827116,625.0,625.0,220.64100000000002,0.0,0.59,1477.3712,{},0.698425,0.202022,0.827116,0.423522,625,625,625,625
broad_spot_consensus_thr20_15-120_cap0.70_cvd30k_book0.40_cl20,2026-05-25T19:05:33.848122+00:00,2026-05-26,btc-updown-5m-1779735900,UP,YES,33.848,0.62,DOWN,-100.0,0.505946,0.505946,0.505946,0.0,4,3,3,-0.518032,0.505946,0.850172,799.0,799.0,223.462,0.0,0.62,1026.6488,{},0.850172,0.506887,0.505005,-0.518032,799,799,799,799
broad_spot_consensus_thr20_15-120_cap0.70_cvd30k_book0.40_cl20,2026-05-25T20:46:01.172343+00:00,2026-05-26,btc-updown-5m-1779741900,UP,YES,61.172,0.7,UP,39.83667076854235,0.555027,0.555027,0.555027,0.0,4,4,4,0.471742,0.555027,0.746988,1373.0,1373.0,273.927,0.0,0.7,179.256,{},0.544985,0.746988,0.565069,0.471742,1373,1373,1373,1373
broad_spot_consensus_thr20_15-120_cap0.70_cvd30k_book0.40_cl20,2026-05-25T21:40:43.834160+00:00,2026-05-26,btc-updown-5m-1779745200,UP,YES,43.834,0.7,DOWN,-100.0,0.985913,0.985913,0.985913,0.0,4,4,4,0.736277,0.985913,0.996737,1243.0,1243.0,221.505,0.0,0.7,130.564,{},0.994925,0.976901,0.736277,0.996737,1243,1243,1243,1243
broad_spot_consensus_thr20_15-120_cap0.70_cvd30k_book0.40_cl20,2026-05-25T22:16:29.182310+00:00,2026-05-26,btc-updown-5m-1779747300,UP,YES,89.182,0.67,DOWN,-100.0,0.640218,0.640218,0.640218,0.0,4,4,3,0.040678,0.6402175000000001,0.733283,744.0,744.0,213.9565,0.0,0.67,743.4691,{},0.040678,0.636322,0.733283,0.644113,744,744,744,744
broad_spot_consensus_thr20_15-120_cap0.70_cvd30k_book0.40_cl20,2026-05-25T22:46:03.293508+00:00,2026-05-26,btc-updown-5m-1779749100,UP,YES,63.293,0.59,UP,64.63160057476185,0.595058,0.595058,0.595058,0.0,4,3,3,-0.594752,0.5950575,0.898968,688.0,688.0,225.767,0.0,0.59,1166.2462,{},-0.594752,0.421658,0.768457,0.898968,688,688,688,688
broad_spot_consensus_thr20_15-120_cap0.70_cvd30k_book0.40_cl20,2026-05-25T23:05:38.245100+00:00,2026-05-26,btc-updown-5m-1779750300,UP,YES,38.245,0.68,UP,43.74689506706653,0.769656,0.769656,0.769656,0.0,4,3,3,-0.558641,0.7696565,0.88172,644.0,644.0,223.971,1.0,0.68,605.7524,{},0.845447,0.693866,0.88172,-0.558641,644,644,644,644
broad_spot_consensus_thr20_15-120_cap0.70_cvd30k_book0.40_cl20,2026-05-25T23:20:27.648657+00:00,2026-05-26,btc-updown-5m-1779751200,UP,YES,27.648,0.7,UP,39.83667076854235,0.644052,0.644052,0.644052,0.0,4,4,4,0.518109,0.6440520000000001,0.730753,609.0,609.0,219.0385,0.0,0.7,212.492,{},0.518109,0.730753,0.638707,0.649397,609,609,609,609
broad_spot_consensus_thr20_15-120_cap0.70_cvd30k_book0.40_cl20,2026-05-26T00:55:26.614096+00:00,2026-05-26,btc-updown-5m-1779756900,UP,YES,26.614,0.69,UP,41.76337764289465,0.745242,0.745242,0.745242,0.0,4,4,3,0.027048,0.745242,0.882271,1220.0,1220.0,224.632,1.0,0.69,317.9246,{},0.027048,0.696111,0.794373,0.882271,1220,1220,1220,1220
broad_spot_consensus_thr20_15-120_cap0.70_cvd30k_book0.40_cl20,2026-05-26T01:05:42.380584+00:00,2026-05-26,btc-updown-5m-1779757500,UP,YES,42.38,0.66,UP,47.89468951580463,0.449383,0.449383,0.449383,0.0,4,3,2,-0.101508,0.4493835,0.98974,1020.0,1020.0,220.536,0.0,0.66,378.0636,{},0.041219,-0.101508,0.857548,0.98974,1020,1020,1020,1020
broad_spot_consensus_thr20_15-120_cap0.70_cvd30k_book0.40_cl20,2026-05-26T01:11:00.507396+00:00,2026-05-26,btc-updown-5m-1779757800,UP,YES,60.507,0.68,UP,43.74689506706653,0.411252,0.411252,0.411252,0.0,4,3,2,-0.354252,0.411252,0.824915,1289.0,1289.0,225.978,0.0,0.68,605.3024,{},0.824915,0.093564,0.72894,-0.354252,1289,1289,1289,1289
broad_spot_consensus_thr20_15-120_cap0.70_cvd30k_book0.40_cl20,2026-05-26T01:35:49.905247+00:00,2026-05-26,btc-updown-5m-1779759300,UP,YES,49.905,0.7,UP,39.83667076854235,0.512655,0.512655,0.512655,0.0,4,4,4,0.424331,0.5126554999999999,0.67956,687.0,687.0,227.072,0.0,0.7,119.021,{},0.495351,0.52996,0.67956,0.424331,687,687,687,687
broad_spot_consensus_thr20_15-120_cap0.70_cvd30k_book0.40_cl20,2026-05-26T02:05:31.141806+00:00,2026-05-26,btc-updown-5m-1779761100,UP,YES,31.141,0.68,UP,43.74689506706653,0.568078,0.568078,0.568078,0.0,4,4,3,0.35551,0.568078,0.913737,595.0,595.0,223.5935,0.0,0.68,518.2058,{},0.913737,0.516651,0.619505,0.35551,595,595,595,595
broad_spot_consensus_thr20_15-120_cap0.70_cvd30k_book0.40_cl20,2026-05-26T03:16:11.883027+00:00,2026-05-26,btc-updown-5m-1779765300,UP,YES,71.883,0.68,DOWN,-100.0,0.908759,0.908759,0.908759,0.0,4,4,4,0.821056,0.9087585,0.993872,727.0,727.0,227.70999999999998,1.0,0.68,841.7458,{},0.821056,0.96743,0.850087,0.993872,727,727,727,727
broad_spot_consensus_thr20_15-120_cap0.70_cvd30k_book0.40_cl20,2026-05-26T04:31:55.984636+00:00,2026-05-26,btc-updown-5m-1779769800,UP,YES,115.984,0.67,UP,45.789766491446784,0.623466,0.623466,0.623466,0.0,4,4,3,0.327279,0.6234655,0.909452,1313.0,1313.0,219.677,0.0,0.67,231.692,{},0.909452,0.656355,0.327279,0.590576,1313,1313,1313,1313
broad_spot_consensus_thr20_15-120_cap0.70_cvd30k_book0.40_cl20,2026-05-26T05:20:23.591148+00:00,2026-05-26,btc-updown-5m-1779772800,UP,YES,23.591,0.69,UP,41.76337764289465,0.633367,0.633367,0.633367,0.0,4,3,3,-0.529788,0.6333675,0.68449,447.0,447.0,215.25099999999998,0.0,0.69,464.5035,{},0.678708,0.588027,0.68449,-0.529788,447,447,447,447
broad_spot_consensus_thr20_15-120_cap0.70_cvd30k_book0.40_cl20,2026-05-26T05:55:16.504268+00:00,2026-05-26,btc-updown-5m-1779774900,UP,YES,16.504,0.7,UP,39.83667076854235,0.762633,0.762633,0.762633,0.0,4,4,4,0.611195,0.7626325,0.996187,525.0,525.0,230.58800000000002,0.0,0.7,1630.573,{},0.996187,0.65915,0.866115,0.611195,525,525,525,525
broad_spot_consensus_thr20_15-120_cap0.70_cvd30k_book0.40_cl20,2026-05-26T06:31:23.356729+00:00,2026-05-26,btc-updown-5m-1779777000,UP,YES,83.356,0.68,UP,43.74689506706653,0.867286,0.867286,0.867286,0.0,4,4,4,0.481469,0.867286,0.975209,1173.0,1173.0,229.69650000000001,0.0,0.68,211.4399,{},0.975209,0.481469,0.784438,0.950134,1173,1173,1173,1173
broad_spot_consensus_thr20_15-120_cap0.70_cvd30k_book0.40_cl20,2026-05-26T06:40:27.751755+00:00,2026-05-26,btc-updown-5m-1779777600,UP,YES,27.751,0.66,DOWN,-100.0,0.850108,0.850108,0.850108,0.0,4,4,3,0.037341,0.850108,0.964311,923.0,923.0,222.6605,0.0,0.66,342.5606,{},0.037341,0.964311,0.93106,0.769156,923,923,923,923
broad_spot_consensus_thr20_15-120_cap0.70_cvd30k_book0.40_cl20,2026-05-26T07:45:26.383052+00:00,2026-05-26,btc-updown-5m-1779781500,UP,YES,26.383,0.7,UP,39.83667076854235,0.60652,0.60652,0.60652,0.0,4,3,2,-0.025625,0.60652,0.899994,1604.0,1604.0,228.7025,1.0,0.7,250.796,{},0.899994,0.399783,-0.025625,0.813257,1604,1604,1604,1604
broad_spot_consensus_thr20_15-120_cap0.70_cvd30k_book0.40_cl20,2026-05-26T09:25:39.780978+00:00,2026-05-26,btc-updown-5m-1779787500,UP,YES,39.78,0.7,UP,39.83667076854235,0.700931,0.700931,0.700931,0.0,4,4,3,0.285031,0.7009305,0.999211,572.0,572.0,231.25,0.0,0.7,101.766,{},0.999211,0.285031,0.557247,0.844614,572,572,572,572
broad_spot_consensus_thr20_15-120_cap0.70_cvd30k_book0.40_cl20,2026-05-26T10:25:48.536446+00:00,2026-05-26,btc-updown-5m-1779791100,UP,YES,48.536,0.62,UP,56.99494099502138,0.680836,0.680836,0.680836,0.0,4,4,3,0.399862,0.6808355,0.999602,924.0,924.0,230.656,0.0,0.62,2186.3611,{},0.999602,0.399862,0.929087,0.432584,924,924,924,924
broad_spot_consensus_thr20_15-120_cap0.70_cvd30k_book0.40_cl20,2026-05-26T10:30:15.609685+00:00,2026-05-26,btc-updown-5m-1779791400,UP,YES,15.609,0.57,UP,70.17012928845745,0.497723,0.497723,0.497723,0.0,4,3,3,-0.244576,0.4977235,0.741693,614.0,614.0,242.24349999999998,0.0,0.57,3530.3537,{},-0.244576,0.563107,0.43234,0.741693,614,614,614,614
broad_spot_consensus_thr20_15-120_cap0.70_cvd30k_book0.40_cl20,2026-05-26T10:36:11.050430+00:00,2026-05-26,btc-updown-5m-1779791700,UP,YES,71.05,0.6,UP,62.00103680663557,0.400613,0.400613,0.400613,0.0,4,3,2,-0.058317,0.40061250000000004,0.824923,903.0,903.0,222.462,0.0,0.6,2789.8378,{},0.156244,0.644981,-0.058317,0.824923,903,903,903,903
broad_spot_consensus_thr20_15-120_cap0.70_cvd30k_book0.40_cl20,2026-05-26T10:40:18.389456+00:00,2026-05-26,btc-updown-5m-1779792000,UP,YES,18.389,0.65,UP,50.06452774693119,0.534892,0.534892,0.534892,0.0,4,3,3,-0.475495,0.534892,0.699115,951.0,951.0,218.312,0.0,0.65,1222.8152,{},0.699115,0.4424,-0.475495,0.627384,951,951,951,951
broad_spot_consensus_thr20_15-120_cap0.70_cvd30k_book0.40_cl20,2026-05-26T10:50:16.864500+00:00,2026-05-26,btc-updown-5m-1779792600,UP,YES,16.864,0.64,DOWN,-100.0,0.777598,0.777598,0.777598,0.0,4,3,3,-0.043804,0.7775985,0.969235,707.0,707.0,233.43349999999998,0.0,0.64,1855.3711,{},0.740211,-0.043804,0.969235,0.814986,707,707,707,707
broad_spot_consensus_thr20_15-120_cap0.70_cvd30k_book0.40_cl20,2026-05-26T10:55:20.516353+00:00,2026-05-26,btc-updown-5m-1779792900,UP,YES,20.516,0.66,DOWN,-100.0,0.530574,0.530574,0.530574,0.0,4,4,3,0.233002,0.5305735,0.693297,1262.0,1262.0,229.3735,0.0,0.66,1886.7457,{},0.433096,0.628051,0.233002,0.693297,1262,1262,1262,1262
broad_spot_consensus_thr20_15-120_cap0.70_cvd30k_book0.40_cl20,2026-05-26T11:26:51.929472+00:00,2026-05-26,btc-updown-5m-1779794700,UP,YES,111.929,0.67,DOWN,-100.0,0.658303,0.658303,0.658303,0.0,4,3,3,-0.270621,0.6583034999999999,0.956445,982.0,982.0,227.892,0.0,0.67,1293.4073,{},-0.270621,0.483201,0.833406,0.956445,982,982,982,982
broad_spot_consensus_thr20_15-120_cap0.70_cvd30k_book0.40_cl20,2026-05-26T12:10:38.807496+00:00,2026-05-26,btc-updown-5m-1779797400,UP,YES,38.807,0.63,UP,54.61131334270897,0.604978,0.604978,0.604978,0.0,4,4,2,0.16969,0.6049785,0.952043,588.0,588.0,217.328,0.0,0.63,2632.6239,{},0.872722,0.16969,0.952043,0.337235,588,588,588,588
broad_spot_consensus_thr20_15-120_cap0.70_cvd30k_book0.40_cl20,2026-05-26T12:15:45.069254+00:00,2026-05-26,btc-updown-5m-1779797700,UP,YES,45.069,0.65,UP,50.06452774693119,0.646405,0.646405,0.646405,0.0,4,4,4,0.470029,0.6464045,0.844747,1225.0,1225.0,227.42000000000002,15.0,0.65,185.1534,{},0.697661,0.595148,0.844747,0.470029,1225,1225,1225,1225
broad_spot_consensus_thr20_15-120_cap0.70_cvd30k_book0.40_cl20,2026-05-26T12:40:44.345005+00:00,2026-05-26,btc-updown-5m-1779799200,UP,YES,44.345,0.69,UP,41.76337764289465,0.81604,0.81604,0.81604,0.0,4,4,4,0.661595,0.8160405,0.974221,604.0,604.0,228.22750000000002,1.0,0.69,143.5357,{},0.740933,0.661595,0.891148,0.974221,604,604,604,604
broad_spot_consensus_thr20_15-120_cap0.70_cvd30k_book0.40_cl20,2026-05-26T12:55:37.083121+00:00,2026-05-26,btc-updown-5m-1779800100,UP,YES,37.083,0.64,UP,52.30232376793512,0.479859,0.479859,0.479859,0.0,4,3,2,-0.482979,0.4798595,0.727272,418.0,418.0,226.46550000000002,0.0,0.64,1160.2971,{},-0.482979,0.325145,0.634574,0.727272,418,418,418,418
broad_spot_consensus_thr20_15-120_cap0.70_cvd30k_book0.40_cl20,2026-05-26T13:36:00.806846+00:00,2026-05-26,btc-updown-5m-1779802500,UP,YES,60.806,0.64,UP,52.30232376793512,0.769535,0.769535,0.769535,0.0,4,4,3,0.010419,0.7695345,0.880861,753.0,753.0,314.51300000000003,55.0,0.64,3070.5656,{},0.789134,0.010419,0.880861,0.749935,753,753,753,753
broad_spot_consensus_thr20_15-120_cap0.70_cvd30k_book0.40_cl20,2026-05-26T13:45:16.037305+00:00,2026-05-26,btc-updown-5m-1779803100,UP,YES,16.037,0.7,UP,39.83667076854235,0.920264,0.920264,0.920264,0.0,4,3,3,-0.334606,0.920264,0.978733,1415.0,1415.0,226.1705,0.0,0.7,383.061,{},-0.334606,0.934511,0.978733,0.906017,1415,1415,1415,1415
broad_spot_consensus_thr20_15-120_cap0.70_cvd30k_book0.40_cl20,2026-05-26T13:55:23.868248+00:00,2026-05-26,btc-updown-5m-1779803700,UP,YES,23.868,0.67,UP,45.789766491446784,0.936736,0.936736,0.936736,0.0,4,4,4,0.869637,0.9367365,0.995303,1126.0,1126.0,228.719,0.0,0.67,2624.1791,{},0.993362,0.869637,0.880111,0.995303,1126,1126,1126,1126
broad_spot_consensus_thr20_15-120_cap0.70_cvd30k_book0.40_cl20,2026-05-26T14:10:16.292106+00:00,2026-05-26,btc-updown-5m-1779804600,UP,YES,16.292,0.68,UP,43.74689506706653,0.416517,0.416517,0.416517,0.0,4,4,3,0.263863,0.4165165,0.587126,1378.0,1378.0,231.0925,1.0,0.68,1310.5811,{},0.425348,0.407685,0.263863,0.587126,1378,1378,1378,1378
broad_spot_consensus_thr20_15-120_cap0.70_cvd30k_book0.40_cl20,2026-05-26T14:16:29.555740+00:00,2026-05-26,btc-updown-5m-1779804900,UP,YES,89.555,0.62,UP,56.99494099502138,0.448586,0.448586,0.448586,0.0,4,3,2,-0.012068,0.4485855,0.998898,1316.0,1316.0,224.291,0.0,0.62,4087.3291,{},0.998898,0.002635,-0.012068,0.894536,1316,1316,1316,1316
broad_spot_consensus_thr20_15-120_cap0.70_cvd30k_book0.40_cl20,2026-05-26T14:20:15.849032+00:00,2026-05-26,btc-updown-5m-1779805200,UP,YES,15.849,0.66,UP,47.89468951580463,0.753745,0.753745,0.753745,0.0,4,3,3,-0.240115,0.7537445,0.979752,1358.0,1358.0,223.6405,1.0,0.66,2568.4711,{},-0.240115,0.880293,0.627196,0.979752,1358,1358,1358,1358
broad_spot_consensus_thr20_15-120_cap0.70_cvd30k_book0.40_cl20,2026-05-26T14:25:18.198207+00:00,2026-05-26,btc-updown-5m-1779805500,UP,YES,18.198,0.65,UP,50.06452774693119,0.473428,0.473428,0.473428,0.0,4,4,2,0.228672,0.473428,0.95842,548.0,548.0,226.722,0.0,0.65,2198.7879,{},0.362688,0.584168,0.228672,0.95842,548,548,548,548
broad_spot_consensus_thr20_15-120_cap0.70_cvd30k_book0.40_cl20,2026-05-26T14:30:42.124153+00:00,2026-05-26,btc-updown-5m-1779805800,DOWN,YES,42.124,0.63,DOWN,54.61131334270897,-0.788925,0.788925,0.788925,0.0,4,4,3,0.282586,0.7889255,0.859782,1342.0,1342.0,231.91500000000002,1.0,0.63,3837.6599,{},-0.282586,-0.80848,-0.769371,-0.859782,1342,1342,1342,1342
broad_spot_consensus_thr20_15-120_cap0.70_cvd30k_book0.40_cl20,2026-05-26T14:40:15.406929+00:00,2026-05-26,btc-updown-5m-1779806400,UP,YES,15.406,0.58,DOWN,-100.0,0.861533,0.861533,0.861533,0.0,4,4,4,0.622748,0.8615335,0.952267,1144.0,1144.0,226.7475,66.0,0.58,8563.1622,{},0.806291,0.952267,0.622748,0.916776,1144,1144,1144,1144
broad_spot_consensus_thr20_15-120_cap0.70_cvd30k_book0.40_cl20,2026-05-26T14:45:23.117952+00:00,2026-05-26,btc-updown-5m-1779806700,UP,YES,23.117,0.57,UP,70.17012928845745,0.67975,0.67975,0.67975,0.0,4,3,3,-0.346291,0.67975,0.993651,478.0,478.0,226.53500000000003,0.0,0.57,6720.74,{},-0.346291,0.604293,0.755207,0.993651,478,478,478,478
broad_spot_consensus_thr20_15-120_cap0.70_cvd30k_book0.40_cl20,2026-05-26T14:51:05.287200+00:00,2026-05-26,btc-updown-5m-1779807000,UP,YES,65.287,0.65,UP,50.06452774693119,0.691676,0.691676,0.691676,0.0,4,3,3,-0.672342,0.691676,0.998893,654.0,654.0,227.89350000000002,0.0,0.65,3017.5962,{},0.998893,0.503757,0.879595,-0.672342,654,654,654,654
broad_spot_consensus_thr20_15-120_cap0.70_cvd30k_book0.40_cl20,2026-05-26T15:00:16.291487+00:00,2026-05-26,btc-updown-5m-1779807600,UP,YES,16.291,0.61,DOWN,-100.0,0.764617,0.764617,0.764617,0.0,4,4,4,0.478027,0.7646175,0.984913,1195.0,1195.0,233.1425,0.0,0.61,4553.0183,{},0.478027,0.692364,0.836871,0.984913,1195,1195,1195,1195
broad_spot_consensus_thr20_15-120_cap0.70_cvd30k_book0.40_cl20,2026-05-26T15:05:48.086884+00:00,2026-05-26,btc-updown-5m-1779807900,UP,YES,48.086,0.7,UP,39.83667076854235,0.699983,0.699983,0.699983,0.0,4,4,3,0.311605,0.699983,0.980395,413.0,413.0,225.6,0.0,0.7,144.2,{},0.311605,0.936715,0.980395,0.463251,413,413,413,413
broad_spot_consensus_thr20_15-120_cap0.70_cvd30k_book0.40_cl20,2026-05-26T15:10:26.131414+00:00,2026-05-26,btc-updown-5m-1779808200,UP,YES,26.131,0.62,UP,56.99494099502138,0.768889,0.768889,0.768889,0.0,4,4,4,0.627072,0.7688889999999999,0.992983,756.0,756.0,225.459,0.0,0.62,3462.5464,{},0.992983,0.727191,0.810587,0.627072,756,756,756,756
broad_spot_consensus_thr20_15-120_cap0.70_cvd30k_book0.40_cl20,2026-05-26T15:25:39.929851+00:00,2026-05-26,btc-updown-5m-1779809100,UP,YES,39.929,0.65,DOWN,-100.0,0.834518,0.834518,0.834518,0.0,4,4,4,0.692135,0.8345184999999999,0.997083,516.0,516.0,224.12599999999998,0.0,0.65,1719.7059,{},0.997083,0.961614,0.692135,0.707423,516,516,516,516
broad_spot_consensus_thr20_15-120_cap0.70_cvd30k_book0.40_cl20,2026-05-26T15:30:18.890630+00:00,2026-05-26,btc-updown-5m-1779809400,UP,YES,18.89,0.7,DOWN,-100.0,0.692846,0.692846,0.692846,0.0,4,4,3,0.035744,0.6928460000000001,0.918466,1198.0,1198.0,224.9625,0.0,0.7,280.203,{},0.918466,0.615058,0.770634,0.035744,1198,1198,1198,1198
broad_spot_consensus_thr20_15-120_cap0.70_cvd30k_book0.40_cl20,2026-05-26T15:36:07.050886+00:00,2026-05-26,btc-updown-5m-1779809700,UP,YES,67.05,0.63,UP,54.61131334270897,0.567879,0.567879,0.567879,0.0,4,3,3,-0.231871,0.567879,0.675262,1017.0,1017.0,225.9405,0.0,0.63,3675.7032,{},0.675262,0.626815,-0.231871,0.508943,1017,1017,1017,1017
broad_spot_consensus_thr20_15-120_cap0.70_cvd30k_book0.40_cl20,2026-05-26T15:41:28.345444+00:00,2026-05-26,btc-updown-5m-1779810000,UP,YES,88.345,0.69,UP,41.76337764289465,0.789988,0.789988,0.789988,0.0,4,4,4,0.679283,0.789988,0.950885,1112.0,1112.0,226.5135,54.0,0.69,628.2805,{},0.679283,0.68737,0.892606,0.950885,1112,1112,1112,1112
broad_spot_consensus_thr20_15-120_cap0.70_cvd30k_book0.40_cl20,2026-05-26T15:55:33.925777+00:00,2026-05-26,btc-updown-5m-1779810900,UP,YES,33.925,0.62,UP,56.99494099502138,0.406086,0.406086,0.406086,0.0,4,3,2,-0.042182,0.40608600000000006,0.916078,484.0,484.0,234.36950000000002,0.0,0.62,4485.5124,{},0.916078,0.148623,-0.042182,0.663549,484,484,484,484
broad_spot_consensus_thr20_15-120_cap0.70_cvd30k_book0.40_cl20,2026-05-26T16:15:27.830335+00:00,2026-05-27,btc-updown-5m-1779812100,UP,YES,27.83,0.67,UP,45.789766491446784,0.901452,0.901452,0.901452,0.0,4,4,4,0.741502,0.9014525,0.974905,621.0,621.0,221.279,0.0,0.67,492.4966,{},0.741502,0.953499,0.849406,0.974905,621,621,621,621
broad_spot_consensus_thr20_15-120_cap0.70_cvd30k_book0.40_cl20,2026-05-26T16:26:14.279313+00:00,2026-05-27,btc-updown-5m-1779812700,UP,YES,74.279,0.7,UP,39.83667076854235,0.897886,0.897886,0.897886,0.0,4,4,3,0.360368,0.8978855,0.970501,698.0,698.0,222.91750000000002,0.0,0.7,436.786,{},0.862513,0.360368,0.933258,0.970501,698,698,698,698
broad_spot_consensus_thr20_15-120_cap0.70_cvd30k_book0.40_cl20,2026-05-26T16:35:24.632578+00:00,2026-05-27,btc-updown-5m-1779813300,UP,YES,24.632,0.61,UP,59.4568771199792,0.702484,0.702484,0.702484,0.0,4,3,3,-0.34101,0.7024845,0.998112,1166.0,1166.0,222.826,0.0,0.61,5429.5328,{},0.998112,0.770703,0.634266,-0.34101,1166,1166,1166,1166
broad_spot_consensus_thr20_15-120_cap0.70_cvd30k_book0.40_cl20,2026-05-26T16:45:30.210695+00:00,2026-05-27,btc-updown-5m-1779813900,UP,YES,30.21,0.68,DOWN,-100.0,0.952564,0.952564,0.952564,0.0,4,3,3,-0.014216,0.952564,0.997845,1656.0,1656.0,225.0975,0.0,0.68,966.2837,{},0.982564,-0.014216,0.997845,0.922564,1656,1656,1656,1656
broad_spot_consensus_thr20_15-120_cap0.70_cvd30k_book0.40_cl20,2026-05-26T17:35:40.581716+00:00,2026-05-27,btc-updown-5m-1779816900,UP,YES,40.581,0.62,UP,56.99494099502138,0.438575,0.438575,0.438575,0.0,4,3,2,-0.230277,0.43857500000000005,0.894627,583.0,583.0,273.276,0.0,0.62,490.1216,{},0.346922,0.530228,0.894627,-0.230277,583,583,583,583
broad_spot_consensus_thr20_15-120_cap0.70_cvd30k_book0.40_cl20,2026-05-26T17:46:31.907348+00:00,2026-05-27,btc-updown-5m-1779817500,UP,YES,91.907,0.64,UP,52.30232376793512,0.54618,0.54618,0.54618,0.0,4,4,4,0.418326,0.5461805,0.753591,1129.0,1129.0,225.348,0.0,0.64,3017.8237,{},0.418326,0.424934,0.667427,0.753591,1129,1129,1129,1129
broad_spot_consensus_thr20_15-120_cap0.70_cvd30k_book0.40_cl20,2026-05-26T18:16:50.034420+00:00,2026-05-27,btc-updown-5m-1779819300,UP,YES,110.034,0.7,UP,39.83667076854235,0.770916,0.770916,0.770916,0.0,4,4,4,0.69332,0.7709159999999999,0.995906,428.0,428.0,221.08499999999998,0.0,0.7,193.319,{},0.995906,0.782602,0.75923,0.69332,428,428,428,428
broad_spot_consensus_thr20_15-120_cap0.70_cvd30k_book0.40_cl20,2026-05-26T18:21:37.533507+00:00,2026-05-27,btc-updown-5m-1779819600,UP,YES,97.533,0.7,UP,39.83667076854235,0.513207,0.513207,0.513207,0.0,4,3,2,-0.212173,0.5132074999999999,0.946871,1289.0,1289.0,226.582,0.0,0.7,172.347,{},0.946871,0.09204,0.934375,-0.212173,1289,1289,1289,1289
broad_spot_consensus_thr20_15-120_cap0.70_cvd30k_book0.40_cl20,2026-05-26T18:25:49.414071+00:00,2026-05-27,btc-updown-5m-1779819900,UP,YES,49.414,0.67,DOWN,-100.0,0.639718,0.639718,0.639718,0.0,4,4,3,0.273205,0.6397185,0.861455,457.0,457.0,218.0975,1.0,0.67,758.426,{},0.861455,0.438637,0.8408,0.273205,457,457,457,457
broad_spot_consensus_thr20_15-120_cap0.70_cvd30k_book0.40_cl20,2026-05-26T18:45:37.596244+00:00,2026-05-27,btc-updown-5m-1779821100,UP,YES,37.596,0.66,UP,47.89468951580463,0.769494,0.769494,0.769494,0.0,4,4,3,0.148379,0.769494,0.990806,939.0,939.0,231.7575,0.0,0.66,1282.5348,{},0.990806,0.607334,0.931654,0.148379,939,939,939,939
broad_spot_consensus_thr20_15-120_cap0.70_cvd30k_book0.40_cl20,2026-05-26T19:00:24.809091+00:00,2026-05-27,btc-updown-5m-1779822000,UP,YES,24.809,0.66,UP,47.89468951580463,0.910017,0.910017,0.910017,0.0,4,4,4,0.742312,0.9100165,0.989811,502.0,502.0,222.677,1.0,0.66,391.982,{},0.895515,0.742312,0.989811,0.924518,502,502,502,502
broad_spot_consensus_thr20_15-120_cap0.70_cvd30k_book0.40_cl20,2026-05-26T19:20:17.393400+00:00,2026-05-27,btc-updown-5m-1779823200,UP,YES,17.393,0.65,DOWN,-100.0,0.494577,0.494577,0.494577,0.0,4,4,3,0.037286,0.49457700000000004,0.955779,916.0,916.0,225.66899999999998,0.0,0.65,1195.812,{},0.037286,0.453324,0.53583,0.955779,916,916,916,916
broad_spot_consensus_thr20_15-120_cap0.70_cvd30k_book0.40_cl20,2026-05-26T19:25:32.633358+00:00,2026-05-27,btc-updown-5m-1779823500,UP,YES,32.633,0.7,UP,39.83667076854235,0.692184,0.692184,0.692184,0.0,4,3,3,-0.147969,0.692184,0.98291,931.0,931.0,220.06900000000002,0.0,0.7,161.434,{},0.98291,0.519642,-0.147969,0.864726,931,931,931,931
broad_spot_consensus_thr20_15-120_cap0.70_cvd30k_book0.40_cl20,2026-05-26T19:45:42.802118+00:00,2026-05-27,btc-updown-5m-1779824700,UP,YES,42.802,0.69,DOWN,-100.0,0.983113,0.983113,0.983113,0.0,4,4,4,0.734856,0.9831125000000001,0.996428,1342.0,1342.0,230.09,1.0,0.69,421.0775,{},0.996428,0.734856,0.977887,0.988338,1342,1342,1342,1342
broad_spot_consensus_thr20_15-120_cap0.70_cvd30k_book0.40_cl20,2026-05-26T20:05:34.771468+00:00,2026-05-27,btc-updown-5m-1779825900,UP,YES,34.771,0.67,DOWN,-100.0,0.828364,0.828364,0.828364,0.0,4,4,4,0.538129,0.8283640000000001,0.992689,1201.0,1201.0,224.8075,0.0,0.67,730.9562,{},0.992689,0.710999,0.538129,0.945729,1201,1201,1201,1201
broad_spot_consensus_thr20_15-120_cap0.70_cvd30k_book0.40_cl20,2026-05-26T20:11:05.670229+00:00,2026-05-27,btc-updown-5m-1779826200,UP,YES,65.67,0.7,UP,39.83667076854235,0.725043,0.725043,0.725043,0.0,4,4,4,0.565856,0.7250425,0.89648,1747.0,1747.0,221.33499999999998,106.0,0.7,175.609,{},0.619585,0.8305,0.565856,0.89648,1747,1747,1747,1747
broad_spot_consensus_thr20_15-120_cap0.70_cvd30k_book0.40_cl20,2026-05-26T20:25:25.702434+00:00,2026-05-27,btc-updown-5m-1779827100,UP,YES,25.702,0.63,UP,54.61131334270897,0.403246,0.403246,0.403246,0.0,4,3,2,-0.070986,0.40324550000000003,0.939711,678.0,678.0,222.39999999999998,0.0,0.63,1802.1768,{},0.689894,-0.070986,0.116597,0.939711,678,678,678,678
broad_spot_consensus_thr20_15-120_cap0.70_cvd30k_book0.40_cl20,2026-05-26T21:35:29.997232+00:00,2026-05-27,btc-updown-5m-1779831300,UP,YES,29.997,0.67,UP,45.789766491446784,0.405867,0.405867,0.405867,0.0,4,3,2,-0.506689,0.4058675,0.856637,1006.0,1006.0,222.6805,0.0,0.67,563.6097,{},0.856637,-0.506689,0.633421,0.178314,1006,1006,1006,1006
broad_spot_consensus_thr20_15-120_cap0.70_cvd30k_book0.40_cl20,2026-05-26T22:00:49.271931+00:00,2026-05-27,btc-updown-5m-1779832800,UP,YES,49.271,0.7,UP,39.83667076854235,0.480488,0.480488,0.480488,0.0,4,3,3,-0.492436,0.480488,0.528655,633.0,633.0,225.7765,0.0,0.7,377.23,{},0.515395,-0.492436,0.528655,0.445581,633,633,633,633
broad_spot_consensus_thr20_15-120_cap0.70_cvd30k_book0.40_cl20,2026-05-26T22:20:29.863333+00:00,2026-05-27,btc-updown-5m-1779834000,UP,YES,29.863,0.68,UP,43.74689506706653,0.663255,0.663255,0.663255,0.0,4,4,3,0.147733,0.6632555,0.816405,537.0,537.0,226.8735,0.0,0.68,159.6612,{},0.816405,0.147733,0.70471,0.621801,537,537,537,537
broad_spot_consensus_thr20_15-120_cap0.70_cvd30k_book0.40_cl20,2026-05-27T00:26:29.638429+00:00,2026-05-27,btc-updown-5m-1779841500,UP,YES,89.638,0.61,UP,59.4568771199792,0.974414,0.974414,0.974414,0.0,4,4,4,0.79666,0.9744145,0.993768,1250.0,1250.0,217.3555,9.0,0.61,2346.4709,{},0.79666,0.988346,0.993768,0.960483,1250,1250,1250,1250
broad_spot_consensus_thr20_15-120_cap0.70_cvd30k_book0.40_cl20,2026-05-27T00:56:02.420998+00:00,2026-05-27,btc-updown-5m-1779843300,UP,YES,62.42,0.69,UP,41.76337764289465,0.622852,0.622852,0.622852,0.0,4,4,3,0.156789,0.622852,0.950025,1642.0,1642.0,222.001,0.0,0.69,298.1679,{},0.563905,0.156789,0.950025,0.681799,1642,1642,1642,1642
broad_spot_consensus_thr20_15-120_cap0.70_cvd30k_book0.40_cl20,2026-05-27T01:00:45.747753+00:00,2026-05-27,btc-updown-5m-1779843600,UP,YES,45.747,0.63,DOWN,-100.0,0.505512,0.505512,0.505512,0.0,4,4,3,0.333215,0.505512,0.893231,1286.0,1286.0,221.25400000000002,0.0,0.63,864.6513,{},0.893231,0.525952,0.485072,0.333215,1286,1286,1286,1286
broad_spot_consensus_thr20_15-120_cap0.70_cvd30k_book0.40_cl20,2026-05-27T02:20:26.652935+00:00,2026-05-27,btc-updown-5m-1779848400,UP,YES,26.652,0.7,UP,39.83667076854235,0.742018,0.742018,0.742018,0.0,4,4,3,0.318639,0.7420180000000001,0.972881,472.0,472.0,218.2095,0.0,0.7,137.592,{},0.972881,0.625351,0.318639,0.858685,472,472,472,472
broad_spot_consensus_thr20_15-120_cap0.70_cvd30k_book0.40_cl20,2026-05-27T03:05:34.892594+00:00,2026-05-27,btc-updown-5m-1779851100,UP,YES,34.892,0.68,UP,43.74689506706653,0.950612,0.950612,0.950612,0.0,4,4,4,0.891753,0.950612,0.990331,1135.0,1135.0,230.606,0.0,0.68,557.6559,{},0.920325,0.980899,0.990331,0.891753,1135,1135,1135,1135
broad_spot_consensus_thr20_15-120_cap0.70_cvd30k_book0.40_cl20,2026-05-27T03:41:03.300470+00:00,2026-05-27,btc-updown-5m-1779853200,UP,YES,63.3,0.65,UP,50.06452774693119,0.639838,0.639838,0.639838,0.0,4,4,3,0.24956,0.6398385,0.901366,1598.0,1598.0,222.678,0.0,0.65,753.7562,{},0.677696,0.601981,0.24956,0.901366,1598,1598,1598,1598
broad_spot_consensus_thr20_15-120_cap0.70_cvd30k_book0.40_cl20,2026-05-27T05:35:20.354862+00:00,2026-05-27,btc-updown-5m-1779860100,UP,YES,20.354,0.68,UP,43.74689506706653,0.839214,0.839214,0.839214,0.0,4,4,3,0.227181,0.839214,0.997568,1303.0,1303.0,266.2575,58.0,0.68,209.4107,{},0.997568,0.227181,0.804995,0.873433,1303,1303,1303,1303
broad_spot_consensus_thr20_15-120_cap0.70_cvd30k_book0.40_cl20,2026-05-27T05:45:52.004434+00:00,2026-05-27,btc-updown-5m-1779860700,UP,YES,52.004,0.62,UP,56.99494099502138,0.766131,0.766131,0.766131,0.0,4,3,3,-0.933632,0.7661305,0.988782,466.0,466.0,224.557,0.0,0.62,1140.4585,{},-0.933632,0.560398,0.988782,0.971863,466,466,466,466
broad_spot_consensus_thr20_15-120_cap0.70_cvd30k_book0.40_cl20,2026-05-27T06:05:36.558413+00:00,2026-05-27,btc-updown-5m-1779861900,UP,YES,36.558,0.67,UP,45.789766491446784,0.713303,0.713303,0.713303,0.0,4,3,3,-0.055143,0.713303,0.995347,1425.0,1425.0,229.135,3125.0,0.67,393.0799,{},0.995347,0.667845,0.758761,-0.055143,1425,1425,1425,1425
